{
  "IsEyeCalibrationValid": true,
  "IsEyeTrackingDataValid": false,
  "IsEyeTrackingEnabled": true,
  "IsEyeTrackingEnabledAndValid": false,
  "GazeOrigin": {
    "x": 0.149280846118927,
    "y": 0.6928078532218933,
    "z": 0.2661641538143158
  },
  "GazeDirection": {
    "x": 0.6948233842849731,
    "y": 0.03352094441652298,
    "z": 0.7183988094329834
  },
  "HeadMovementDirection": {
    "x": 0.19717729091644288,
    "y": 0.9151651263237,
    "z": 0.3515584468841553
  },
  "HeadVelocity": {
    "x": 0.0,
    "y": 0.0,
    "z": 0.0
  },
  "Timestamp": 288000000000
}